artifactId,artifactType,startDate,completionDate,name,description
1,defect,2021-08-23,2021-08-29,"Lorem ipsum dolor sit amet, consectetur adipiscing elit.","Lorem ipsum dolor sit amet, consectetur adipiscing elit. Quisque maximus tempor tellus a tristique. Vestibulum vitae rhoncus ex, vitae convallis velit. Donec vulputate interdum dolor eu commodo. Vivamus accumsan turpis non suscipit egestas. Nullam rutrum convallis interdum. Pellentesque vel consectetur libero. Vestibulum et velit sit amet dolor cursus aliquam ut sit amet ipsum. Nulla sed nibh massa.

Nulla congue justo pharetra, facilisis mauris ut, mattis purus. Nulla accumsan eros at nunc tristique, ac consectetur massa placerat. Quisque elit magna, iaculis vestibulum ex at, luctus sollicitudin nibh. Maecenas laoreet dapibus sapien. Praesent lacinia erat ex, nec tincidunt sapien feugiat in. Nullam tincidunt varius diam ac tincidunt. Curabitur efficitur posuere varius. Ut sit amet consectetur nulla. Fusce feugiat erat id accumsan ultricies. Morbi a augue vel erat blandit viverra at a ligula.
"
2,technical debt,2021-08-24,2021-08-30,"Cras suscipit diam lacinia sapien fringilla, non consectetur ipsum cursus.","Lorem ipsum dolor sit amet, consectetur adipiscing elit. Quisque maximus tempor tellus a tristique. Vestibulum vitae rhoncus ex, vitae convallis velit. Donec vulputate interdum dolor eu commodo. Vivamus accumsan turpis non suscipit egestas. Nullam rutrum convallis interdum. Pellentesque vel consectetur libero. Vestibulum et velit sit amet dolor cursus aliquam ut sit amet ipsum. Nulla sed nibh massa.

Nulla congue justo pharetra, facilisis mauris ut, mattis purus. Nulla accumsan eros at nunc tristique, ac consectetur massa placerat. Quisque elit magna, iaculis vestibulum ex at, luctus sollicitudin nibh. Maecenas laoreet dapibus sapien. Praesent lacinia erat ex, nec tincidunt sapien feugiat in. Nullam tincidunt varius diam ac tincidunt. Curabitur efficitur posuere varius. Ut sit amet consectetur nulla. Fusce feugiat erat id accumsan ultricies. Morbi a augue vel erat blandit viverra at a ligula.
"
3,feature,2021-08-25,2021-08-31,Nunc malesuada nisl id volutpat tempor.,"Lorem ipsum dolor sit amet, consectetur adipiscing elit. Quisque maximus tempor tellus a tristique. Vestibulum vitae rhoncus ex, vitae convallis velit. Donec vulputate interdum dolor eu commodo. Vivamus accumsan turpis non suscipit egestas. Nullam rutrum convallis interdum. Pellentesque vel consectetur libero. Vestibulum et velit sit amet dolor cursus aliquam ut sit amet ipsum. Nulla sed nibh massa.

Nulla congue justo pharetra, facilisis mauris ut, mattis purus. Nulla accumsan eros at nunc tristique, ac consectetur massa placerat. Quisque elit magna, iaculis vestibulum ex at, luctus sollicitudin nibh. Maecenas laoreet dapibus sapien. Praesent lacinia erat ex, nec tincidunt sapien feugiat in. Nullam tincidunt varius diam ac tincidunt. Curabitur efficitur posuere varius. Ut sit amet consectetur nulla. Fusce feugiat erat id accumsan ultricies. Morbi a augue vel erat blandit viverra at a ligula.
"
4,technical analysis,2021-08-26,2021-09-01,Proin scelerisque libero sed elit hendrerit luctus.,"Lorem ipsum dolor sit amet, consectetur adipiscing elit. Quisque maximus tempor tellus a tristique. Vestibulum vitae rhoncus ex, vitae convallis velit. Donec vulputate interdum dolor eu commodo. Vivamus accumsan turpis non suscipit egestas. Nullam rutrum convallis interdum. Pellentesque vel consectetur libero. Vestibulum et velit sit amet dolor cursus aliquam ut sit amet ipsum. Nulla sed nibh massa.

Nulla congue justo pharetra, facilisis mauris ut, mattis purus. Nulla accumsan eros at nunc tristique, ac consectetur massa placerat. Quisque elit magna, iaculis vestibulum ex at, luctus sollicitudin nibh. Maecenas laoreet dapibus sapien. Praesent lacinia erat ex, nec tincidunt sapien feugiat in. Nullam tincidunt varius diam ac tincidunt. Curabitur efficitur posuere varius. Ut sit amet consectetur nulla. Fusce feugiat erat id accumsan ultricies. Morbi a augue vel erat blandit viverra at a ligula.
"
5,defect,2021-08-27,2021-09-02,Pellentesque et enim tincidunt quam euismod semper.,"Lorem ipsum dolor sit amet, consectetur adipiscing elit. Quisque maximus tempor tellus a tristique. Vestibulum vitae rhoncus ex, vitae convallis velit. Donec vulputate interdum dolor eu commodo. Vivamus accumsan turpis non suscipit egestas. Nullam rutrum convallis interdum. Pellentesque vel consectetur libero. Vestibulum et velit sit amet dolor cursus aliquam ut sit amet ipsum. Nulla sed nibh massa.

Nulla congue justo pharetra, facilisis mauris ut, mattis purus. Nulla accumsan eros at nunc tristique, ac consectetur massa placerat. Quisque elit magna, iaculis vestibulum ex at, luctus sollicitudin nibh. Maecenas laoreet dapibus sapien. Praesent lacinia erat ex, nec tincidunt sapien feugiat in. Nullam tincidunt varius diam ac tincidunt. Curabitur efficitur posuere varius. Ut sit amet consectetur nulla. Fusce feugiat erat id accumsan ultricies. Morbi a augue vel erat blandit viverra at a ligula.
"
6,technical debt,2021-08-28,2021-09-03,Pellentesque feugiat nunc eu lectus iaculis pellentesque.,"Lorem ipsum dolor sit amet, consectetur adipiscing elit. Quisque maximus tempor tellus a tristique. Vestibulum vitae rhoncus ex, vitae convallis velit. Donec vulputate interdum dolor eu commodo. Vivamus accumsan turpis non suscipit egestas. Nullam rutrum convallis interdum. Pellentesque vel consectetur libero. Vestibulum et velit sit amet dolor cursus aliquam ut sit amet ipsum. Nulla sed nibh massa.

Nulla congue justo pharetra, facilisis mauris ut, mattis purus. Nulla accumsan eros at nunc tristique, ac consectetur massa placerat. Quisque elit magna, iaculis vestibulum ex at, luctus sollicitudin nibh. Maecenas laoreet dapibus sapien. Praesent lacinia erat ex, nec tincidunt sapien feugiat in. Nullam tincidunt varius diam ac tincidunt. Curabitur efficitur posuere varius. Ut sit amet consectetur nulla. Fusce feugiat erat id accumsan ultricies. Morbi a augue vel erat blandit viverra at a ligula.
"
7,feature,2021-08-29,2021-11-04,Aenean volutpat ex vel ligula suscipit volutpat id eget ante.,"Lorem ipsum dolor sit amet, consectetur adipiscing elit. Quisque maximus tempor tellus a tristique. Vestibulum vitae rhoncus ex, vitae convallis velit. Donec vulputate interdum dolor eu commodo. Vivamus accumsan turpis non suscipit egestas. Nullam rutrum convallis interdum. Pellentesque vel consectetur libero. Vestibulum et velit sit amet dolor cursus aliquam ut sit amet ipsum. Nulla sed nibh massa.

Nulla congue justo pharetra, facilisis mauris ut, mattis purus. Nulla accumsan eros at nunc tristique, ac consectetur massa placerat. Quisque elit magna, iaculis vestibulum ex at, luctus sollicitudin nibh. Maecenas laoreet dapibus sapien. Praesent lacinia erat ex, nec tincidunt sapien feugiat in. Nullam tincidunt varius diam ac tincidunt. Curabitur efficitur posuere varius. Ut sit amet consectetur nulla. Fusce feugiat erat id accumsan ultricies. Morbi a augue vel erat blandit viverra at a ligula.
"
8,technical analysis,2021-08-30,2021-11-05,"Integer laoreet tellus eget mauris luctus, in ultricies turpis tristique.","Lorem ipsum dolor sit amet, consectetur adipiscing elit. Quisque maximus tempor tellus a tristique. Vestibulum vitae rhoncus ex, vitae convallis velit. Donec vulputate interdum dolor eu commodo. Vivamus accumsan turpis non suscipit egestas. Nullam rutrum convallis interdum. Pellentesque vel consectetur libero. Vestibulum et velit sit amet dolor cursus aliquam ut sit amet ipsum. Nulla sed nibh massa.

Nulla congue justo pharetra, facilisis mauris ut, mattis purus. Nulla accumsan eros at nunc tristique, ac consectetur massa placerat. Quisque elit magna, iaculis vestibulum ex at, luctus sollicitudin nibh. Maecenas laoreet dapibus sapien. Praesent lacinia erat ex, nec tincidunt sapien feugiat in. Nullam tincidunt varius diam ac tincidunt. Curabitur efficitur posuere varius. Ut sit amet consectetur nulla. Fusce feugiat erat id accumsan ultricies. Morbi a augue vel erat blandit viverra at a ligula.
"
9,defect,2021-08-31,2021-11-06,Maecenas condimentum dui vel neque ullamcorper accumsan.,"Lorem ipsum dolor sit amet, consectetur adipiscing elit. Quisque maximus tempor tellus a tristique. Vestibulum vitae rhoncus ex, vitae convallis velit. Donec vulputate interdum dolor eu commodo. Vivamus accumsan turpis non suscipit egestas. Nullam rutrum convallis interdum. Pellentesque vel consectetur libero. Vestibulum et velit sit amet dolor cursus aliquam ut sit amet ipsum. Nulla sed nibh massa.

Nulla congue justo pharetra, facilisis mauris ut, mattis purus. Nulla accumsan eros at nunc tristique, ac consectetur massa placerat. Quisque elit magna, iaculis vestibulum ex at, luctus sollicitudin nibh. Maecenas laoreet dapibus sapien. Praesent lacinia erat ex, nec tincidunt sapien feugiat in. Nullam tincidunt varius diam ac tincidunt. Curabitur efficitur posuere varius. Ut sit amet consectetur nulla. Fusce feugiat erat id accumsan ultricies. Morbi a augue vel erat blandit viverra at a ligula.
"
10,technical debt,2021-09-01,2021-11-07,Etiam a ipsum et urna cursus auctor.,"Lorem ipsum dolor sit amet, consectetur adipiscing elit. Quisque maximus tempor tellus a tristique. Vestibulum vitae rhoncus ex, vitae convallis velit. Donec vulputate interdum dolor eu commodo. Vivamus accumsan turpis non suscipit egestas. Nullam rutrum convallis interdum. Pellentesque vel consectetur libero. Vestibulum et velit sit amet dolor cursus aliquam ut sit amet ipsum. Nulla sed nibh massa.

Nulla congue justo pharetra, facilisis mauris ut, mattis purus. Nulla accumsan eros at nunc tristique, ac consectetur massa placerat. Quisque elit magna, iaculis vestibulum ex at, luctus sollicitudin nibh. Maecenas laoreet dapibus sapien. Praesent lacinia erat ex, nec tincidunt sapien feugiat in. Nullam tincidunt varius diam ac tincidunt. Curabitur efficitur posuere varius. Ut sit amet consectetur nulla. Fusce feugiat erat id accumsan ultricies. Morbi a augue vel erat blandit viverra at a ligula.
"
11,feature,2021-09-02,2021-12-08,Quisque consequat mauris nec vulputate facilisis.,"Lorem ipsum dolor sit amet, consectetur adipiscing elit. Quisque maximus tempor tellus a tristique. Vestibulum vitae rhoncus ex, vitae convallis velit. Donec vulputate interdum dolor eu commodo. Vivamus accumsan turpis non suscipit egestas. Nullam rutrum convallis interdum. Pellentesque vel consectetur libero. Vestibulum et velit sit amet dolor cursus aliquam ut sit amet ipsum. Nulla sed nibh massa.

Nulla congue justo pharetra, facilisis mauris ut, mattis purus. Nulla accumsan eros at nunc tristique, ac consectetur massa placerat. Quisque elit magna, iaculis vestibulum ex at, luctus sollicitudin nibh. Maecenas laoreet dapibus sapien. Praesent lacinia erat ex, nec tincidunt sapien feugiat in. Nullam tincidunt varius diam ac tincidunt. Curabitur efficitur posuere varius. Ut sit amet consectetur nulla. Fusce feugiat erat id accumsan ultricies. Morbi a augue vel erat blandit viverra at a ligula.
"
12,technical analysis,2021-09-03,2021-12-09,"Suspendisse efficitur mauris eget nisl elementum, vel convallis diam dictum.","Lorem ipsum dolor sit amet, consectetur adipiscing elit. Quisque maximus tempor tellus a tristique. Vestibulum vitae rhoncus ex, vitae convallis velit. Donec vulputate interdum dolor eu commodo. Vivamus accumsan turpis non suscipit egestas. Nullam rutrum convallis interdum. Pellentesque vel consectetur libero. Vestibulum et velit sit amet dolor cursus aliquam ut sit amet ipsum. Nulla sed nibh massa.

Nulla congue justo pharetra, facilisis mauris ut, mattis purus. Nulla accumsan eros at nunc tristique, ac consectetur massa placerat. Quisque elit magna, iaculis vestibulum ex at, luctus sollicitudin nibh. Maecenas laoreet dapibus sapien. Praesent lacinia erat ex, nec tincidunt sapien feugiat in. Nullam tincidunt varius diam ac tincidunt. Curabitur efficitur posuere varius. Ut sit amet consectetur nulla. Fusce feugiat erat id accumsan ultricies. Morbi a augue vel erat blandit viverra at a ligula.
"
13,defect,2021-11-04,2021-12-10,Cras at turpis id orci posuere euismod id nec diam.,"Lorem ipsum dolor sit amet, consectetur adipiscing elit. Quisque maximus tempor tellus a tristique. Vestibulum vitae rhoncus ex, vitae convallis velit. Donec vulputate interdum dolor eu commodo. Vivamus accumsan turpis non suscipit egestas. Nullam rutrum convallis interdum. Pellentesque vel consectetur libero. Vestibulum et velit sit amet dolor cursus aliquam ut sit amet ipsum. Nulla sed nibh massa.

Nulla congue justo pharetra, facilisis mauris ut, mattis purus. Nulla accumsan eros at nunc tristique, ac consectetur massa placerat. Quisque elit magna, iaculis vestibulum ex at, luctus sollicitudin nibh. Maecenas laoreet dapibus sapien. Praesent lacinia erat ex, nec tincidunt sapien feugiat in. Nullam tincidunt varius diam ac tincidunt. Curabitur efficitur posuere varius. Ut sit amet consectetur nulla. Fusce feugiat erat id accumsan ultricies. Morbi a augue vel erat blandit viverra at a ligula.
"
14,technical debt,2021-11-05,2021-12-11,"Donec tristique diam id nibh tincidunt, vel egestas odio eleifend.","Lorem ipsum dolor sit amet, consectetur adipiscing elit. Quisque maximus tempor tellus a tristique. Vestibulum vitae rhoncus ex, vitae convallis velit. Donec vulputate interdum dolor eu commodo. Vivamus accumsan turpis non suscipit egestas. Nullam rutrum convallis interdum. Pellentesque vel consectetur libero. Vestibulum et velit sit amet dolor cursus aliquam ut sit amet ipsum. Nulla sed nibh massa.

Nulla congue justo pharetra, facilisis mauris ut, mattis purus. Nulla accumsan eros at nunc tristique, ac consectetur massa placerat. Quisque elit magna, iaculis vestibulum ex at, luctus sollicitudin nibh. Maecenas laoreet dapibus sapien. Praesent lacinia erat ex, nec tincidunt sapien feugiat in. Nullam tincidunt varius diam ac tincidunt. Curabitur efficitur posuere varius. Ut sit amet consectetur nulla. Fusce feugiat erat id accumsan ultricies. Morbi a augue vel erat blandit viverra at a ligula.
"
15,feature,2021-11-06,2022-01-16,Nunc eu tortor aliquam arcu ultricies congue.,"Lorem ipsum dolor sit amet, consectetur adipiscing elit. Quisque maximus tempor tellus a tristique. Vestibulum vitae rhoncus ex, vitae convallis velit. Donec vulputate interdum dolor eu commodo. Vivamus accumsan turpis non suscipit egestas. Nullam rutrum convallis interdum. Pellentesque vel consectetur libero. Vestibulum et velit sit amet dolor cursus aliquam ut sit amet ipsum. Nulla sed nibh massa.

Nulla congue justo pharetra, facilisis mauris ut, mattis purus. Nulla accumsan eros at nunc tristique, ac consectetur massa placerat. Quisque elit magna, iaculis vestibulum ex at, luctus sollicitudin nibh. Maecenas laoreet dapibus sapien. Praesent lacinia erat ex, nec tincidunt sapien feugiat in. Nullam tincidunt varius diam ac tincidunt. Curabitur efficitur posuere varius. Ut sit amet consectetur nulla. Fusce feugiat erat id accumsan ultricies. Morbi a augue vel erat blandit viverra at a ligula.
"
16,technical analysis,2021-11-07,2022-01-17,Mauris nec ante quis massa tincidunt imperdiet vel ac tortor.,"Lorem ipsum dolor sit amet, consectetur adipiscing elit. Quisque maximus tempor tellus a tristique. Vestibulum vitae rhoncus ex, vitae convallis velit. Donec vulputate interdum dolor eu commodo. Vivamus accumsan turpis non suscipit egestas. Nullam rutrum convallis interdum. Pellentesque vel consectetur libero. Vestibulum et velit sit amet dolor cursus aliquam ut sit amet ipsum. Nulla sed nibh massa.

Nulla congue justo pharetra, facilisis mauris ut, mattis purus. Nulla accumsan eros at nunc tristique, ac consectetur massa placerat. Quisque elit magna, iaculis vestibulum ex at, luctus sollicitudin nibh. Maecenas laoreet dapibus sapien. Praesent lacinia erat ex, nec tincidunt sapien feugiat in. Nullam tincidunt varius diam ac tincidunt. Curabitur efficitur posuere varius. Ut sit amet consectetur nulla. Fusce feugiat erat id accumsan ultricies. Morbi a augue vel erat blandit viverra at a ligula.
"
17,defect,2021-12-08,2022-01-18,Praesent in dolor ut augue tempor commodo id quis metus.,"Lorem ipsum dolor sit amet, consectetur adipiscing elit. Quisque maximus tempor tellus a tristique. Vestibulum vitae rhoncus ex, vitae convallis velit. Donec vulputate interdum dolor eu commodo. Vivamus accumsan turpis non suscipit egestas. Nullam rutrum convallis interdum. Pellentesque vel consectetur libero. Vestibulum et velit sit amet dolor cursus aliquam ut sit amet ipsum. Nulla sed nibh massa.

Nulla congue justo pharetra, facilisis mauris ut, mattis purus. Nulla accumsan eros at nunc tristique, ac consectetur massa placerat. Quisque elit magna, iaculis vestibulum ex at, luctus sollicitudin nibh. Maecenas laoreet dapibus sapien. Praesent lacinia erat ex, nec tincidunt sapien feugiat in. Nullam tincidunt varius diam ac tincidunt. Curabitur efficitur posuere varius. Ut sit amet consectetur nulla. Fusce feugiat erat id accumsan ultricies. Morbi a augue vel erat blandit viverra at a ligula.
"
18,technical debt,2021-12-09,2022-01-19,Nullam vestibulum lacus fringilla magna lobortis eleifend.,"Lorem ipsum dolor sit amet, consectetur adipiscing elit. Quisque maximus tempor tellus a tristique. Vestibulum vitae rhoncus ex, vitae convallis velit. Donec vulputate interdum dolor eu commodo. Vivamus accumsan turpis non suscipit egestas. Nullam rutrum convallis interdum. Pellentesque vel consectetur libero. Vestibulum et velit sit amet dolor cursus aliquam ut sit amet ipsum. Nulla sed nibh massa.

Nulla congue justo pharetra, facilisis mauris ut, mattis purus. Nulla accumsan eros at nunc tristique, ac consectetur massa placerat. Quisque elit magna, iaculis vestibulum ex at, luctus sollicitudin nibh. Maecenas laoreet dapibus sapien. Praesent lacinia erat ex, nec tincidunt sapien feugiat in. Nullam tincidunt varius diam ac tincidunt. Curabitur efficitur posuere varius. Ut sit amet consectetur nulla. Fusce feugiat erat id accumsan ultricies. Morbi a augue vel erat blandit viverra at a ligula.
"
19,feature,2021-12-10,2022-02-19,Sed efficitur ex id lacus iaculis faucibus.,"Lorem ipsum dolor sit amet, consectetur adipiscing elit. Quisque maximus tempor tellus a tristique. Vestibulum vitae rhoncus ex, vitae convallis velit. Donec vulputate interdum dolor eu commodo. Vivamus accumsan turpis non suscipit egestas. Nullam rutrum convallis interdum. Pellentesque vel consectetur libero. Vestibulum et velit sit amet dolor cursus aliquam ut sit amet ipsum. Nulla sed nibh massa.

Nulla congue justo pharetra, facilisis mauris ut, mattis purus. Nulla accumsan eros at nunc tristique, ac consectetur massa placerat. Quisque elit magna, iaculis vestibulum ex at, luctus sollicitudin nibh. Maecenas laoreet dapibus sapien. Praesent lacinia erat ex, nec tincidunt sapien feugiat in. Nullam tincidunt varius diam ac tincidunt. Curabitur efficitur posuere varius. Ut sit amet consectetur nulla. Fusce feugiat erat id accumsan ultricies. Morbi a augue vel erat blandit viverra at a ligula.
"
20,technical analysis,2021-12-11,2022-02-20,Fusce a metus a tellus mattis tristique.,"Lorem ipsum dolor sit amet, consectetur adipiscing elit. Quisque maximus tempor tellus a tristique. Vestibulum vitae rhoncus ex, vitae convallis velit. Donec vulputate interdum dolor eu commodo. Vivamus accumsan turpis non suscipit egestas. Nullam rutrum convallis interdum. Pellentesque vel consectetur libero. Vestibulum et velit sit amet dolor cursus aliquam ut sit amet ipsum. Nulla sed nibh massa.

Nulla congue justo pharetra, facilisis mauris ut, mattis purus. Nulla accumsan eros at nunc tristique, ac consectetur massa placerat. Quisque elit magna, iaculis vestibulum ex at, luctus sollicitudin nibh. Maecenas laoreet dapibus sapien. Praesent lacinia erat ex, nec tincidunt sapien feugiat in. Nullam tincidunt varius diam ac tincidunt. Curabitur efficitur posuere varius. Ut sit amet consectetur nulla. Fusce feugiat erat id accumsan ultricies. Morbi a augue vel erat blandit viverra at a ligula.
"
21,defect,2022-01-16,2022-02-21,Donec viverra mi vel ligula cursus pulvinar.,"Lorem ipsum dolor sit amet, consectetur adipiscing elit. Quisque maximus tempor tellus a tristique. Vestibulum vitae rhoncus ex, vitae convallis velit. Donec vulputate interdum dolor eu commodo. Vivamus accumsan turpis non suscipit egestas. Nullam rutrum convallis interdum. Pellentesque vel consectetur libero. Vestibulum et velit sit amet dolor cursus aliquam ut sit amet ipsum. Nulla sed nibh massa.

Nulla congue justo pharetra, facilisis mauris ut, mattis purus. Nulla accumsan eros at nunc tristique, ac consectetur massa placerat. Quisque elit magna, iaculis vestibulum ex at, luctus sollicitudin nibh. Maecenas laoreet dapibus sapien. Praesent lacinia erat ex, nec tincidunt sapien feugiat in. Nullam tincidunt varius diam ac tincidunt. Curabitur efficitur posuere varius. Ut sit amet consectetur nulla. Fusce feugiat erat id accumsan ultricies. Morbi a augue vel erat blandit viverra at a ligula.
"
22,technical debt,2022-01-17,2022-02-22,Suspendisse rutrum ex eget sodales pulvinar.,"Lorem ipsum dolor sit amet, consectetur adipiscing elit. Quisque maximus tempor tellus a tristique. Vestibulum vitae rhoncus ex, vitae convallis velit. Donec vulputate interdum dolor eu commodo. Vivamus accumsan turpis non suscipit egestas. Nullam rutrum convallis interdum. Pellentesque vel consectetur libero. Vestibulum et velit sit amet dolor cursus aliquam ut sit amet ipsum. Nulla sed nibh massa.

Nulla congue justo pharetra, facilisis mauris ut, mattis purus. Nulla accumsan eros at nunc tristique, ac consectetur massa placerat. Quisque elit magna, iaculis vestibulum ex at, luctus sollicitudin nibh. Maecenas laoreet dapibus sapien. Praesent lacinia erat ex, nec tincidunt sapien feugiat in. Nullam tincidunt varius diam ac tincidunt. Curabitur efficitur posuere varius. Ut sit amet consectetur nulla. Fusce feugiat erat id accumsan ultricies. Morbi a augue vel erat blandit viverra at a ligula.
"
23,feature,2022-01-18,2022-03-22,Aenean eget felis ac purus ornare tempor.,"Lorem ipsum dolor sit amet, consectetur adipiscing elit. Quisque maximus tempor tellus a tristique. Vestibulum vitae rhoncus ex, vitae convallis velit. Donec vulputate interdum dolor eu commodo. Vivamus accumsan turpis non suscipit egestas. Nullam rutrum convallis interdum. Pellentesque vel consectetur libero. Vestibulum et velit sit amet dolor cursus aliquam ut sit amet ipsum. Nulla sed nibh massa.

Nulla congue justo pharetra, facilisis mauris ut, mattis purus. Nulla accumsan eros at nunc tristique, ac consectetur massa placerat. Quisque elit magna, iaculis vestibulum ex at, luctus sollicitudin nibh. Maecenas laoreet dapibus sapien. Praesent lacinia erat ex, nec tincidunt sapien feugiat in. Nullam tincidunt varius diam ac tincidunt. Curabitur efficitur posuere varius. Ut sit amet consectetur nulla. Fusce feugiat erat id accumsan ultricies. Morbi a augue vel erat blandit viverra at a ligula.
"
24,technical analysis,2022-01-19,2022-03-23,"Nulla eu quam varius, aliquet nulla in, consectetur ex.","Lorem ipsum dolor sit amet, consectetur adipiscing elit. Quisque maximus tempor tellus a tristique. Vestibulum vitae rhoncus ex, vitae convallis velit. Donec vulputate interdum dolor eu commodo. Vivamus accumsan turpis non suscipit egestas. Nullam rutrum convallis interdum. Pellentesque vel consectetur libero. Vestibulum et velit sit amet dolor cursus aliquam ut sit amet ipsum. Nulla sed nibh massa.

Nulla congue justo pharetra, facilisis mauris ut, mattis purus. Nulla accumsan eros at nunc tristique, ac consectetur massa placerat. Quisque elit magna, iaculis vestibulum ex at, luctus sollicitudin nibh. Maecenas laoreet dapibus sapien. Praesent lacinia erat ex, nec tincidunt sapien feugiat in. Nullam tincidunt varius diam ac tincidunt. Curabitur efficitur posuere varius. Ut sit amet consectetur nulla. Fusce feugiat erat id accumsan ultricies. Morbi a augue vel erat blandit viverra at a ligula.
"
25,defect,2022-02-19,2022-03-24,"Ut a sem efficitur, gravida dui ut, pharetra lacus.","Lorem ipsum dolor sit amet, consectetur adipiscing elit. Quisque maximus tempor tellus a tristique. Vestibulum vitae rhoncus ex, vitae convallis velit. Donec vulputate interdum dolor eu commodo. Vivamus accumsan turpis non suscipit egestas. Nullam rutrum convallis interdum. Pellentesque vel consectetur libero. Vestibulum et velit sit amet dolor cursus aliquam ut sit amet ipsum. Nulla sed nibh massa.

Nulla congue justo pharetra, facilisis mauris ut, mattis purus. Nulla accumsan eros at nunc tristique, ac consectetur massa placerat. Quisque elit magna, iaculis vestibulum ex at, luctus sollicitudin nibh. Maecenas laoreet dapibus sapien. Praesent lacinia erat ex, nec tincidunt sapien feugiat in. Nullam tincidunt varius diam ac tincidunt. Curabitur efficitur posuere varius. Ut sit amet consectetur nulla. Fusce feugiat erat id accumsan ultricies. Morbi a augue vel erat blandit viverra at a ligula.
"
26,technical debt,2022-02-20,2022-03-25,Mauris vitae nibh in sem gravida rhoncus fermentum scelerisque sem.,"Lorem ipsum dolor sit amet, consectetur adipiscing elit. Quisque maximus tempor tellus a tristique. Vestibulum vitae rhoncus ex, vitae convallis velit. Donec vulputate interdum dolor eu commodo. Vivamus accumsan turpis non suscipit egestas. Nullam rutrum convallis interdum. Pellentesque vel consectetur libero. Vestibulum et velit sit amet dolor cursus aliquam ut sit amet ipsum. Nulla sed nibh massa.

Nulla congue justo pharetra, facilisis mauris ut, mattis purus. Nulla accumsan eros at nunc tristique, ac consectetur massa placerat. Quisque elit magna, iaculis vestibulum ex at, luctus sollicitudin nibh. Maecenas laoreet dapibus sapien. Praesent lacinia erat ex, nec tincidunt sapien feugiat in. Nullam tincidunt varius diam ac tincidunt. Curabitur efficitur posuere varius. Ut sit amet consectetur nulla. Fusce feugiat erat id accumsan ultricies. Morbi a augue vel erat blandit viverra at a ligula.
"
27,feature,2022-02-21,2022-04-25,Phasellus a mi sit amet nunc rutrum maximus aliquet nec sapien.,"Lorem ipsum dolor sit amet, consectetur adipiscing elit. Quisque maximus tempor tellus a tristique. Vestibulum vitae rhoncus ex, vitae convallis velit. Donec vulputate interdum dolor eu commodo. Vivamus accumsan turpis non suscipit egestas. Nullam rutrum convallis interdum. Pellentesque vel consectetur libero. Vestibulum et velit sit amet dolor cursus aliquam ut sit amet ipsum. Nulla sed nibh massa.

Nulla congue justo pharetra, facilisis mauris ut, mattis purus. Nulla accumsan eros at nunc tristique, ac consectetur massa placerat. Quisque elit magna, iaculis vestibulum ex at, luctus sollicitudin nibh. Maecenas laoreet dapibus sapien. Praesent lacinia erat ex, nec tincidunt sapien feugiat in. Nullam tincidunt varius diam ac tincidunt. Curabitur efficitur posuere varius. Ut sit amet consectetur nulla. Fusce feugiat erat id accumsan ultricies. Morbi a augue vel erat blandit viverra at a ligula.
"
28,technical analysis,2022-02-22,2022-04-26,Etiam porta libero eu dolor tristique vestibulum.,"Lorem ipsum dolor sit amet, consectetur adipiscing elit. Quisque maximus tempor tellus a tristique. Vestibulum vitae rhoncus ex, vitae convallis velit. Donec vulputate interdum dolor eu commodo. Vivamus accumsan turpis non suscipit egestas. Nullam rutrum convallis interdum. Pellentesque vel consectetur libero. Vestibulum et velit sit amet dolor cursus aliquam ut sit amet ipsum. Nulla sed nibh massa.

Nulla congue justo pharetra, facilisis mauris ut, mattis purus. Nulla accumsan eros at nunc tristique, ac consectetur massa placerat. Quisque elit magna, iaculis vestibulum ex at, luctus sollicitudin nibh. Maecenas laoreet dapibus sapien. Praesent lacinia erat ex, nec tincidunt sapien feugiat in. Nullam tincidunt varius diam ac tincidunt. Curabitur efficitur posuere varius. Ut sit amet consectetur nulla. Fusce feugiat erat id accumsan ultricies. Morbi a augue vel erat blandit viverra at a ligula.
"
29,defect,2022-03-22,2022-04-27,Mauris interdum ante a leo facilisis semper.,"Lorem ipsum dolor sit amet, consectetur adipiscing elit. Quisque maximus tempor tellus a tristique. Vestibulum vitae rhoncus ex, vitae convallis velit. Donec vulputate interdum dolor eu commodo. Vivamus accumsan turpis non suscipit egestas. Nullam rutrum convallis interdum. Pellentesque vel consectetur libero. Vestibulum et velit sit amet dolor cursus aliquam ut sit amet ipsum. Nulla sed nibh massa.

Nulla congue justo pharetra, facilisis mauris ut, mattis purus. Nulla accumsan eros at nunc tristique, ac consectetur massa placerat. Quisque elit magna, iaculis vestibulum ex at, luctus sollicitudin nibh. Maecenas laoreet dapibus sapien. Praesent lacinia erat ex, nec tincidunt sapien feugiat in. Nullam tincidunt varius diam ac tincidunt. Curabitur efficitur posuere varius. Ut sit amet consectetur nulla. Fusce feugiat erat id accumsan ultricies. Morbi a augue vel erat blandit viverra at a ligula.
"
30,technical debt,2022-03-23,2022-04-28,Morbi luctus velit nec magna vulputate sollicitudin.,"Lorem ipsum dolor sit amet, consectetur adipiscing elit. Quisque maximus tempor tellus a tristique. Vestibulum vitae rhoncus ex, vitae convallis velit. Donec vulputate interdum dolor eu commodo. Vivamus accumsan turpis non suscipit egestas. Nullam rutrum convallis interdum. Pellentesque vel consectetur libero. Vestibulum et velit sit amet dolor cursus aliquam ut sit amet ipsum. Nulla sed nibh massa.

Nulla congue justo pharetra, facilisis mauris ut, mattis purus. Nulla accumsan eros at nunc tristique, ac consectetur massa placerat. Quisque elit magna, iaculis vestibulum ex at, luctus sollicitudin nibh. Maecenas laoreet dapibus sapien. Praesent lacinia erat ex, nec tincidunt sapien feugiat in. Nullam tincidunt varius diam ac tincidunt. Curabitur efficitur posuere varius. Ut sit amet consectetur nulla. Fusce feugiat erat id accumsan ultricies. Morbi a augue vel erat blandit viverra at a ligula.
"
31,feature,2022-03-24,2022-05-28,Cras vel augue sed mi varius egestas a sit amet lectus.,"Lorem ipsum dolor sit amet, consectetur adipiscing elit. Quisque maximus tempor tellus a tristique. Vestibulum vitae rhoncus ex, vitae convallis velit. Donec vulputate interdum dolor eu commodo. Vivamus accumsan turpis non suscipit egestas. Nullam rutrum convallis interdum. Pellentesque vel consectetur libero. Vestibulum et velit sit amet dolor cursus aliquam ut sit amet ipsum. Nulla sed nibh massa.

Nulla congue justo pharetra, facilisis mauris ut, mattis purus. Nulla accumsan eros at nunc tristique, ac consectetur massa placerat. Quisque elit magna, iaculis vestibulum ex at, luctus sollicitudin nibh. Maecenas laoreet dapibus sapien. Praesent lacinia erat ex, nec tincidunt sapien feugiat in. Nullam tincidunt varius diam ac tincidunt. Curabitur efficitur posuere varius. Ut sit amet consectetur nulla. Fusce feugiat erat id accumsan ultricies. Morbi a augue vel erat blandit viverra at a ligula.
"
32,technical analysis,2022-03-25,2022-05-29,"Vestibulum ut dui pharetra, pretium ex sed, convallis enim.","Lorem ipsum dolor sit amet, consectetur adipiscing elit. Quisque maximus tempor tellus a tristique. Vestibulum vitae rhoncus ex, vitae convallis velit. Donec vulputate interdum dolor eu commodo. Vivamus accumsan turpis non suscipit egestas. Nullam rutrum convallis interdum. Pellentesque vel consectetur libero. Vestibulum et velit sit amet dolor cursus aliquam ut sit amet ipsum. Nulla sed nibh massa.

Nulla congue justo pharetra, facilisis mauris ut, mattis purus. Nulla accumsan eros at nunc tristique, ac consectetur massa placerat. Quisque elit magna, iaculis vestibulum ex at, luctus sollicitudin nibh. Maecenas laoreet dapibus sapien. Praesent lacinia erat ex, nec tincidunt sapien feugiat in. Nullam tincidunt varius diam ac tincidunt. Curabitur efficitur posuere varius. Ut sit amet consectetur nulla. Fusce feugiat erat id accumsan ultricies. Morbi a augue vel erat blandit viverra at a ligula.
"
33,defect,2022-04-25,2022-05-30,Nam lobortis ex non consequat blandit.,"Lorem ipsum dolor sit amet, consectetur adipiscing elit. Quisque maximus tempor tellus a tristique. Vestibulum vitae rhoncus ex, vitae convallis velit. Donec vulputate interdum dolor eu commodo. Vivamus accumsan turpis non suscipit egestas. Nullam rutrum convallis interdum. Pellentesque vel consectetur libero. Vestibulum et velit sit amet dolor cursus aliquam ut sit amet ipsum. Nulla sed nibh massa.

Nulla congue justo pharetra, facilisis mauris ut, mattis purus. Nulla accumsan eros at nunc tristique, ac consectetur massa placerat. Quisque elit magna, iaculis vestibulum ex at, luctus sollicitudin nibh. Maecenas laoreet dapibus sapien. Praesent lacinia erat ex, nec tincidunt sapien feugiat in. Nullam tincidunt varius diam ac tincidunt. Curabitur efficitur posuere varius. Ut sit amet consectetur nulla. Fusce feugiat erat id accumsan ultricies. Morbi a augue vel erat blandit viverra at a ligula.
"
34,technical debt,2022-04-26,2022-05-31,Morbi eu felis ut quam aliquam semper.,"Lorem ipsum dolor sit amet, consectetur adipiscing elit. Quisque maximus tempor tellus a tristique. Vestibulum vitae rhoncus ex, vitae convallis velit. Donec vulputate interdum dolor eu commodo. Vivamus accumsan turpis non suscipit egestas. Nullam rutrum convallis interdum. Pellentesque vel consectetur libero. Vestibulum et velit sit amet dolor cursus aliquam ut sit amet ipsum. Nulla sed nibh massa.

Nulla congue justo pharetra, facilisis mauris ut, mattis purus. Nulla accumsan eros at nunc tristique, ac consectetur massa placerat. Quisque elit magna, iaculis vestibulum ex at, luctus sollicitudin nibh. Maecenas laoreet dapibus sapien. Praesent lacinia erat ex, nec tincidunt sapien feugiat in. Nullam tincidunt varius diam ac tincidunt. Curabitur efficitur posuere varius. Ut sit amet consectetur nulla. Fusce feugiat erat id accumsan ultricies. Morbi a augue vel erat blandit viverra at a ligula.
"
35,feature,2022-04-27,2022-06-02,Pellentesque sit amet velit non urna volutpat rhoncus.,"Lorem ipsum dolor sit amet, consectetur adipiscing elit. Quisque maximus tempor tellus a tristique. Vestibulum vitae rhoncus ex, vitae convallis velit. Donec vulputate interdum dolor eu commodo. Vivamus accumsan turpis non suscipit egestas. Nullam rutrum convallis interdum. Pellentesque vel consectetur libero. Vestibulum et velit sit amet dolor cursus aliquam ut sit amet ipsum. Nulla sed nibh massa.

Nulla congue justo pharetra, facilisis mauris ut, mattis purus. Nulla accumsan eros at nunc tristique, ac consectetur massa placerat. Quisque elit magna, iaculis vestibulum ex at, luctus sollicitudin nibh. Maecenas laoreet dapibus sapien. Praesent lacinia erat ex, nec tincidunt sapien feugiat in. Nullam tincidunt varius diam ac tincidunt. Curabitur efficitur posuere varius. Ut sit amet consectetur nulla. Fusce feugiat erat id accumsan ultricies. Morbi a augue vel erat blandit viverra at a ligula.
"
36,technical analysis,2022-04-28,2022-06-03,"Vivamus ut leo tincidunt, dictum ipsum nec, pretium sapien.","Lorem ipsum dolor sit amet, consectetur adipiscing elit. Quisque maximus tempor tellus a tristique. Vestibulum vitae rhoncus ex, vitae convallis velit. Donec vulputate interdum dolor eu commodo. Vivamus accumsan turpis non suscipit egestas. Nullam rutrum convallis interdum. Pellentesque vel consectetur libero. Vestibulum et velit sit amet dolor cursus aliquam ut sit amet ipsum. Nulla sed nibh massa.

Nulla congue justo pharetra, facilisis mauris ut, mattis purus. Nulla accumsan eros at nunc tristique, ac consectetur massa placerat. Quisque elit magna, iaculis vestibulum ex at, luctus sollicitudin nibh. Maecenas laoreet dapibus sapien. Praesent lacinia erat ex, nec tincidunt sapien feugiat in. Nullam tincidunt varius diam ac tincidunt. Curabitur efficitur posuere varius. Ut sit amet consectetur nulla. Fusce feugiat erat id accumsan ultricies. Morbi a augue vel erat blandit viverra at a ligula.
"
37,defect,2022-05-28,2022-06-04,Aenean blandit urna a congue consectetur.,"Lorem ipsum dolor sit amet, consectetur adipiscing elit. Quisque maximus tempor tellus a tristique. Vestibulum vitae rhoncus ex, vitae convallis velit. Donec vulputate interdum dolor eu commodo. Vivamus accumsan turpis non suscipit egestas. Nullam rutrum convallis interdum. Pellentesque vel consectetur libero. Vestibulum et velit sit amet dolor cursus aliquam ut sit amet ipsum. Nulla sed nibh massa.

Nulla congue justo pharetra, facilisis mauris ut, mattis purus. Nulla accumsan eros at nunc tristique, ac consectetur massa placerat. Quisque elit magna, iaculis vestibulum ex at, luctus sollicitudin nibh. Maecenas laoreet dapibus sapien. Praesent lacinia erat ex, nec tincidunt sapien feugiat in. Nullam tincidunt varius diam ac tincidunt. Curabitur efficitur posuere varius. Ut sit amet consectetur nulla. Fusce feugiat erat id accumsan ultricies. Morbi a augue vel erat blandit viverra at a ligula.
"
38,technical debt,2022-05-29,2022-06-05,"Phasellus eget risus commodo, eleifend libero a, vehicula sapien.","Lorem ipsum dolor sit amet, consectetur adipiscing elit. Quisque maximus tempor tellus a tristique. Vestibulum vitae rhoncus ex, vitae convallis velit. Donec vulputate interdum dolor eu commodo. Vivamus accumsan turpis non suscipit egestas. Nullam rutrum convallis interdum. Pellentesque vel consectetur libero. Vestibulum et velit sit amet dolor cursus aliquam ut sit amet ipsum. Nulla sed nibh massa.

Nulla congue justo pharetra, facilisis mauris ut, mattis purus. Nulla accumsan eros at nunc tristique, ac consectetur massa placerat. Quisque elit magna, iaculis vestibulum ex at, luctus sollicitudin nibh. Maecenas laoreet dapibus sapien. Praesent lacinia erat ex, nec tincidunt sapien feugiat in. Nullam tincidunt varius diam ac tincidunt. Curabitur efficitur posuere varius. Ut sit amet consectetur nulla. Fusce feugiat erat id accumsan ultricies. Morbi a augue vel erat blandit viverra at a ligula.
"
39,feature,2022-05-30,2022-06-06,"Donec non lectus pulvinar, malesuada lorem vitae, vehicula metus.","Lorem ipsum dolor sit amet, consectetur adipiscing elit. Quisque maximus tempor tellus a tristique. Vestibulum vitae rhoncus ex, vitae convallis velit. Donec vulputate interdum dolor eu commodo. Vivamus accumsan turpis non suscipit egestas. Nullam rutrum convallis interdum. Pellentesque vel consectetur libero. Vestibulum et velit sit amet dolor cursus aliquam ut sit amet ipsum. Nulla sed nibh massa.

Nulla congue justo pharetra, facilisis mauris ut, mattis purus. Nulla accumsan eros at nunc tristique, ac consectetur massa placerat. Quisque elit magna, iaculis vestibulum ex at, luctus sollicitudin nibh. Maecenas laoreet dapibus sapien. Praesent lacinia erat ex, nec tincidunt sapien feugiat in. Nullam tincidunt varius diam ac tincidunt. Curabitur efficitur posuere varius. Ut sit amet consectetur nulla. Fusce feugiat erat id accumsan ultricies. Morbi a augue vel erat blandit viverra at a ligula.
"
40,technical analysis,2022-05-31,2022-07-07,Sed ac libero eu ipsum ullamcorper eleifend eu congue risus.,"Lorem ipsum dolor sit amet, consectetur adipiscing elit. Quisque maximus tempor tellus a tristique. Vestibulum vitae rhoncus ex, vitae convallis velit. Donec vulputate interdum dolor eu commodo. Vivamus accumsan turpis non suscipit egestas. Nullam rutrum convallis interdum. Pellentesque vel consectetur libero. Vestibulum et velit sit amet dolor cursus aliquam ut sit amet ipsum. Nulla sed nibh massa.

Nulla congue justo pharetra, facilisis mauris ut, mattis purus. Nulla accumsan eros at nunc tristique, ac consectetur massa placerat. Quisque elit magna, iaculis vestibulum ex at, luctus sollicitudin nibh. Maecenas laoreet dapibus sapien. Praesent lacinia erat ex, nec tincidunt sapien feugiat in. Nullam tincidunt varius diam ac tincidunt. Curabitur efficitur posuere varius. Ut sit amet consectetur nulla. Fusce feugiat erat id accumsan ultricies. Morbi a augue vel erat blandit viverra at a ligula.
"
41,defect,2022-06-02,2022-07-08,Morbi et nunc eu dui vulputate tincidunt.,"Lorem ipsum dolor sit amet, consectetur adipiscing elit. Quisque maximus tempor tellus a tristique. Vestibulum vitae rhoncus ex, vitae convallis velit. Donec vulputate interdum dolor eu commodo. Vivamus accumsan turpis non suscipit egestas. Nullam rutrum convallis interdum. Pellentesque vel consectetur libero. Vestibulum et velit sit amet dolor cursus aliquam ut sit amet ipsum. Nulla sed nibh massa.

Nulla congue justo pharetra, facilisis mauris ut, mattis purus. Nulla accumsan eros at nunc tristique, ac consectetur massa placerat. Quisque elit magna, iaculis vestibulum ex at, luctus sollicitudin nibh. Maecenas laoreet dapibus sapien. Praesent lacinia erat ex, nec tincidunt sapien feugiat in. Nullam tincidunt varius diam ac tincidunt. Curabitur efficitur posuere varius. Ut sit amet consectetur nulla. Fusce feugiat erat id accumsan ultricies. Morbi a augue vel erat blandit viverra at a ligula.
"
42,technical debt,2022-06-03,2022-07-09,"Etiam placerat magna vitae augue suscipit, eu eleifend felis molestie.","Lorem ipsum dolor sit amet, consectetur adipiscing elit. Quisque maximus tempor tellus a tristique. Vestibulum vitae rhoncus ex, vitae convallis velit. Donec vulputate interdum dolor eu commodo. Vivamus accumsan turpis non suscipit egestas. Nullam rutrum convallis interdum. Pellentesque vel consectetur libero. Vestibulum et velit sit amet dolor cursus aliquam ut sit amet ipsum. Nulla sed nibh massa.

Nulla congue justo pharetra, facilisis mauris ut, mattis purus. Nulla accumsan eros at nunc tristique, ac consectetur massa placerat. Quisque elit magna, iaculis vestibulum ex at, luctus sollicitudin nibh. Maecenas laoreet dapibus sapien. Praesent lacinia erat ex, nec tincidunt sapien feugiat in. Nullam tincidunt varius diam ac tincidunt. Curabitur efficitur posuere varius. Ut sit amet consectetur nulla. Fusce feugiat erat id accumsan ultricies. Morbi a augue vel erat blandit viverra at a ligula.
"
43,feature,2022-06-04,2022-07-10,Donec vulputate risus id fringilla auctor.,"Lorem ipsum dolor sit amet, consectetur adipiscing elit. Quisque maximus tempor tellus a tristique. Vestibulum vitae rhoncus ex, vitae convallis velit. Donec vulputate interdum dolor eu commodo. Vivamus accumsan turpis non suscipit egestas. Nullam rutrum convallis interdum. Pellentesque vel consectetur libero. Vestibulum et velit sit amet dolor cursus aliquam ut sit amet ipsum. Nulla sed nibh massa.

Nulla congue justo pharetra, facilisis mauris ut, mattis purus. Nulla accumsan eros at nunc tristique, ac consectetur massa placerat. Quisque elit magna, iaculis vestibulum ex at, luctus sollicitudin nibh. Maecenas laoreet dapibus sapien. Praesent lacinia erat ex, nec tincidunt sapien feugiat in. Nullam tincidunt varius diam ac tincidunt. Curabitur efficitur posuere varius. Ut sit amet consectetur nulla. Fusce feugiat erat id accumsan ultricies. Morbi a augue vel erat blandit viverra at a ligula.
"
44,technical analysis,2022-06-05,2022-07-11,Vivamus ac sapien a ante finibus convallis.,"Lorem ipsum dolor sit amet, consectetur adipiscing elit. Quisque maximus tempor tellus a tristique. Vestibulum vitae rhoncus ex, vitae convallis velit. Donec vulputate interdum dolor eu commodo. Vivamus accumsan turpis non suscipit egestas. Nullam rutrum convallis interdum. Pellentesque vel consectetur libero. Vestibulum et velit sit amet dolor cursus aliquam ut sit amet ipsum. Nulla sed nibh massa.

Nulla congue justo pharetra, facilisis mauris ut, mattis purus. Nulla accumsan eros at nunc tristique, ac consectetur massa placerat. Quisque elit magna, iaculis vestibulum ex at, luctus sollicitudin nibh. Maecenas laoreet dapibus sapien. Praesent lacinia erat ex, nec tincidunt sapien feugiat in. Nullam tincidunt varius diam ac tincidunt. Curabitur efficitur posuere varius. Ut sit amet consectetur nulla. Fusce feugiat erat id accumsan ultricies. Morbi a augue vel erat blandit viverra at a ligula.
"
45,defect,2022-06-06,2022-07-12,Donec consequat leo non consequat molestie.,"Lorem ipsum dolor sit amet, consectetur adipiscing elit. Quisque maximus tempor tellus a tristique. Vestibulum vitae rhoncus ex, vitae convallis velit. Donec vulputate interdum dolor eu commodo. Vivamus accumsan turpis non suscipit egestas. Nullam rutrum convallis interdum. Pellentesque vel consectetur libero. Vestibulum et velit sit amet dolor cursus aliquam ut sit amet ipsum. Nulla sed nibh massa.

Nulla congue justo pharetra, facilisis mauris ut, mattis purus. Nulla accumsan eros at nunc tristique, ac consectetur massa placerat. Quisque elit magna, iaculis vestibulum ex at, luctus sollicitudin nibh. Maecenas laoreet dapibus sapien. Praesent lacinia erat ex, nec tincidunt sapien feugiat in. Nullam tincidunt varius diam ac tincidunt. Curabitur efficitur posuere varius. Ut sit amet consectetur nulla. Fusce feugiat erat id accumsan ultricies. Morbi a augue vel erat blandit viverra at a ligula.
"
46,technical debt,2022-07-07,2022-08-13,"Etiam vulputate orci nec erat feugiat, eget vehicula augue tempus.","Lorem ipsum dolor sit amet, consectetur adipiscing elit. Quisque maximus tempor tellus a tristique. Vestibulum vitae rhoncus ex, vitae convallis velit. Donec vulputate interdum dolor eu commodo. Vivamus accumsan turpis non suscipit egestas. Nullam rutrum convallis interdum. Pellentesque vel consectetur libero. Vestibulum et velit sit amet dolor cursus aliquam ut sit amet ipsum. Nulla sed nibh massa.

Nulla congue justo pharetra, facilisis mauris ut, mattis purus. Nulla accumsan eros at nunc tristique, ac consectetur massa placerat. Quisque elit magna, iaculis vestibulum ex at, luctus sollicitudin nibh. Maecenas laoreet dapibus sapien. Praesent lacinia erat ex, nec tincidunt sapien feugiat in. Nullam tincidunt varius diam ac tincidunt. Curabitur efficitur posuere varius. Ut sit amet consectetur nulla. Fusce feugiat erat id accumsan ultricies. Morbi a augue vel erat blandit viverra at a ligula.
"
47,build issue,2022-07-08,2022-08-14,"Mauris elementum libero ac dolor eleifend, vitae convallis tellus condimentum.","Lorem ipsum dolor sit amet, consectetur adipiscing elit. Quisque maximus tempor tellus a tristique. Vestibulum vitae rhoncus ex, vitae convallis velit. Donec vulputate interdum dolor eu commodo. Vivamus accumsan turpis non suscipit egestas. Nullam rutrum convallis interdum. Pellentesque vel consectetur libero. Vestibulum et velit sit amet dolor cursus aliquam ut sit amet ipsum. Nulla sed nibh massa.

Nulla congue justo pharetra, facilisis mauris ut, mattis purus. Nulla accumsan eros at nunc tristique, ac consectetur massa placerat. Quisque elit magna, iaculis vestibulum ex at, luctus sollicitudin nibh. Maecenas laoreet dapibus sapien. Praesent lacinia erat ex, nec tincidunt sapien feugiat in. Nullam tincidunt varius diam ac tincidunt. Curabitur efficitur posuere varius. Ut sit amet consectetur nulla. Fusce feugiat erat id accumsan ultricies. Morbi a augue vel erat blandit viverra at a ligula.
"
48,technical analysis,2022-07-09,2022-08-15,Praesent lobortis mauris non purus rhoncus porttitor.,"Lorem ipsum dolor sit amet, consectetur adipiscing elit. Quisque maximus tempor tellus a tristique. Vestibulum vitae rhoncus ex, vitae convallis velit. Donec vulputate interdum dolor eu commodo. Vivamus accumsan turpis non suscipit egestas. Nullam rutrum convallis interdum. Pellentesque vel consectetur libero. Vestibulum et velit sit amet dolor cursus aliquam ut sit amet ipsum. Nulla sed nibh massa.

Nulla congue justo pharetra, facilisis mauris ut, mattis purus. Nulla accumsan eros at nunc tristique, ac consectetur massa placerat. Quisque elit magna, iaculis vestibulum ex at, luctus sollicitudin nibh. Maecenas laoreet dapibus sapien. Praesent lacinia erat ex, nec tincidunt sapien feugiat in. Nullam tincidunt varius diam ac tincidunt. Curabitur efficitur posuere varius. Ut sit amet consectetur nulla. Fusce feugiat erat id accumsan ultricies. Morbi a augue vel erat blandit viverra at a ligula.
"
49,version support,2022-07-10,2022-08-16,Cras ut eros quis purus varius porttitor id at turpis.,"Lorem ipsum dolor sit amet, consectetur adipiscing elit. Quisque maximus tempor tellus a tristique. Vestibulum vitae rhoncus ex, vitae convallis velit. Donec vulputate interdum dolor eu commodo. Vivamus accumsan turpis non suscipit egestas. Nullam rutrum convallis interdum. Pellentesque vel consectetur libero. Vestibulum et velit sit amet dolor cursus aliquam ut sit amet ipsum. Nulla sed nibh massa.

Nulla congue justo pharetra, facilisis mauris ut, mattis purus. Nulla accumsan eros at nunc tristique, ac consectetur massa placerat. Quisque elit magna, iaculis vestibulum ex at, luctus sollicitudin nibh. Maecenas laoreet dapibus sapien. Praesent lacinia erat ex, nec tincidunt sapien feugiat in. Nullam tincidunt varius diam ac tincidunt. Curabitur efficitur posuere varius. Ut sit amet consectetur nulla. Fusce feugiat erat id accumsan ultricies. Morbi a augue vel erat blandit viverra at a ligula.
"